{
  "train_loss": [
    7757.455722137465,
    7756.502825546386,
    7754.948723021938,
    7750.448465952707,
    7748.977637837075,
    7750.415279028853,
    7747.322355091955,
    7743.427661014882,
    7748.727781048589,
    7748.861557788371,
    7735.466940424587,
    7726.785204702695,
    7734.711029604366,
    7738.4756255075645,
    7731.724842684469,
    7730.914935185679,
    7728.951481923736,
    7725.17182403376,
    7720.612215031182,
    7719.590498627067,
    7743.514290553091,
    7734.119181577113,
    7735.621956761789,
    7739.902459379894,
    7730.274294899038,
    7746.103337534442,
    7784.914890167656,
    7751.298345237854,
    7758.191673697699,
    7739.467003960269,
    7741.124006815843,
    7745.021632386561,
    7740.351412019334,
    7727.22444311747,
    7729.398883826647,
    7738.480348824639,
    7721.8617280701355,
    7724.83333483704,
    7729.480571418196,
    7742.732503281922,
    7730.566596829754,
    7739.016815477436,
    7722.268389914516,
    7727.082737265067,
    7724.074111981174,
    7710.110240509659,
    7712.30552510343,
    7700.757936352162,
    7710.353957314358,
    7708.11083718922,
    7715.060009497445,
    7697.00136594786,
    7708.46381288764,
    7704.919391383344,
    7702.191832496733,
    7708.026235602892,
    7699.05408778844,
    7701.670004720972,
    7686.957561711685,
    7696.876728846962,
    7688.374278367806,
    7724.1260764950275
  ],
  "val_loss": [
    10.93306894290644,
    10.930477782141077,
    10.919572254899233,
    10.849523840745304,
    10.711476825340723,
    10.844015966777592,
    10.799320705731752,
    10.784667451579717,
    10.80981520840015,
    10.687783082200907,
    10.858674670661436,
    10.707075432475953,
    10.782548773314174,
    10.71740553123579,
    10.772551856424197,
    10.672541588607684,
    10.693157938570982,
    10.668064332438643,
    10.669938307559365,
    10.672869803731974,
    10.902671832333954,
    10.846949642904125,
    10.804926998836109,
    10.654538216031064,
    10.843590433676082,
    10.822677510139778,
    10.830306504736647,
    10.835962385351587,
    10.830117969942508,
    10.761035110353236,
    10.777473394942554,
    10.468807566017235,
    10.62636194406965,
    10.643625418836784,
    10.804739609048552,
    10.704815984143947,
    10.805817986498285,
    10.70287420220026,
    10.682110160825028,
    10.55769387048364,
    10.68261649681343,
    10.550055677042268,
    10.65812560530167,
    10.764459077897415,
    10.670339969611298,
    10.665054249413846,
    10.659297459877472,
    10.68685724194278,
    10.743742598336613,
    10.714406489851578,
    10.717311086179077,
    10.749561812936996,
    10.715163685057393,
    10.719969379710445,
    10.688365761935179,
    10.695167987993592,
    10.69935110899357,
    10.69929263805418,
    10.700043124661608,
    10.69768740463472,
    10.70809718619191,
    10.780780762589375
  ],
  "learning_rate": [
    0.0005,
    0.0004969282409784868,
    0.00048778860081564085,
    0.0004728061277849978,
    0.0004523497400965494,
    0.0004269231419060436,
    0.00039715242044697206,
    0.00036377062968501693,
    0.0003275997400965494,
    0.00028953039902753766,
    0.0002505,
    0.00021146960097246246,
    0.00017340025990345064,
    0.00013722937031498307,
    0.00010384757955302797,
    7.40768580939564e-05,
    4.865025990345063e-05,
    2.8193872215002235e-05,
    1.3211399184359193e-05,
    4.071759021513154e-06,
    0.0005,
    0.0004992308747664155,
    0.0004969282409784868,
    0.0004931062951392203,
    0.00048778860081564085,
    0.00048100794336156604,
    0.0004728061277849978,
    0.000463233721006346,
    0.0004523497400965494,
    0.00044022128841720773,
    0.0004269231419060436,
    0.0004125372880583809,
    0.00039715242044697206,
    0.00038086339189662925,
    0.00036377062968501693,
    0.00034597951637508993,
    0.0003275997400965494,
    0.00030874461828204845,
    0.00028953039902753766,
    0.00027007554438409736,
    0.0002505,
    0.0002309244556159027,
    0.00021146960097246246,
    0.0001922553817179516,
    0.00017340025990345064,
    0.0001550204836249101,
    0.00013722937031498307,
    0.00012013660810337076,
    0.00010384757955302797,
    8.84627119416192e-05,
    7.40768580939564e-05,
    6.0778711582792276e-05,
    4.865025990345063e-05,
    3.7766278993653996e-05,
    2.8193872215002235e-05,
    1.9992056638433958e-05,
    1.3211399184359193e-05,
    7.893704860779699e-06,
    4.071759021513154e-06,
    1.769125233584573e-06,
    0.0005,
    0.0004998076445420604
  ],
  "energy_loss": [
    109.32355728312474,
    109.29989950734992,
    109.18989300166054,
    108.48932309158721,
    107.09591271555857,
    108.4339234782083,
    107.98665965910146,
    107.84075257759201,
    108.09229487298859,
    106.87009023503578,
    108.58076815762077,
    107.06483606904771,
    107.81993097933808,
    107.16853190872453,
    107.71984656805814,
    106.71957499609361,
    106.92561895017047,
    106.67455943203535,
    106.69343411535748,
    106.72277654479798,
    109.01770076604892,
    108.46349634027297,
    108.0358910307162,
    106.53635200394757,
    108.42985757367053,
    108.22170602606566,
    108.29292700705076,
    108.34504853944343,
    108.29330375301072,
    107.6037873345813,
    107.76713406453266,
    104.68144941593734,
    106.25686537983779,
    106.43002365326558,
    108.04109448874942,
    107.03963122265958,
    108.05055823008271,
    107.02274104448368,
    106.8145639224056,
    105.56633508765285,
    106.81777865205126,
    105.49267683968122,
    106.57451952576271,
    107.63699275240779,
    106.69763063793425,
    106.64398291149672,
    106.58692776458679,
    106.86326132685015,
    107.43097704522057,
    107.13837154735778,
    107.16711336738038,
    107.48981408448893,
    107.14576577717284,
    107.19375445340147,
    106.8779168740214,
    106.9457691379556,
    106.98760622645281,
    106.98699484344428,
    106.99446931460311,
    106.97093859143502,
    107.07330419908637,
    107.7995138686653
  ],
  "momentum_loss": [
    0.002846252035581962,
    0.0005864605601533679,
    0.0014927034702895143,
    0.0015916818080688303,
    0.014055813585811795,
    0.0019244286556808414,
    0.0022376041788652354,
    0.0016279991237344936,
    0.0015736701423405258,
    0.003456351090600411,
    0.0016613146065022682,
    0.0016494195248695602,
    0.0012615755750411339,
    0.0012533580879055288,
    0.001400580122331093,
    0.0015780909491301337,
    0.0016686630059329997,
    0.0018006276931653029,
    0.0016672436054201462,
    0.0016425074986000162,
    0.004684483157789536,
    0.0016788773709423778,
    0.008892128832189743,
    0.004744560301236252,
    0.001792872398506073,
    0.0008259966321680596,
    0.005615905003465287,
    0.010285791637688297,
    0.0034753914494786396,
    0.002304432446273722,
    0.003347664770271709,
    0.0023736260758566714,
    0.0024635954002958315,
    0.00195323192205914,
    0.001974802912651817,
    0.004237871640811199,
    0.003203177527425554,
    0.0016981764428644832,
    0.002220376035801358,
    0.00623207496696867,
    0.004111454437464449,
    0.00362797494484123,
    0.0024906211883289554,
    0.00325150182597153,
    0.0015261579187543634,
    0.002313535305121635,
    0.001814882508018397,
    0.001081113080577121,
    0.0021749726393847225,
    0.0014494227647733103,
    0.0017136153320374701,
    0.001541258242771922,
    0.0016304604351793245,
    0.0016770827513582305,
    0.0014854147394499633,
    0.0016527983662302777,
    0.0016437224932200599,
    0.0016748148898568058,
    0.001700879785092859,
    0.0016778696748186378,
    0.0033351706829781937,
    0.003938551354274375
  ]
}